serial,ticket_id
001,EVT-001-89E3653D87
002,EVT-002-2BE1F54F0C
003,EVT-003-6A74D6938E
004,EVT-004-142FC05B88
005,EVT-005-F62FA02993
006,EVT-006-B0ACD56A90
007,EVT-007-812B6D2012
008,EVT-008-8BDFDF2797
009,EVT-009-7FF8857CDC
010,EVT-010-D5FC149993
011,EVT-011-84F951F216
012,EVT-012-46DFFBA69C
013,EVT-013-4838228CBD
014,EVT-014-55CC93922E
015,EVT-015-86765FE193
016,EVT-016-F591D132C1
017,EVT-017-C212CC0D00
018,EVT-018-904A2F9DB5
019,EVT-019-F366F1941C
020,EVT-020-0A60D7E095
021,EVT-021-C9E818C5FD
022,EVT-022-A970704BF8
023,EVT-023-58369A99E5
024,EVT-024-8F712952C7
025,EVT-025-4C5B79E4AD
026,EVT-026-76FA4454CB
027,EVT-027-9664A94EC6
028,EVT-028-D6D28A5003
029,EVT-029-1947719206
030,EVT-030-03CC5F16F2
031,EVT-031-55661A7ACC
032,EVT-032-BC80057EDF
033,EVT-033-5B8090B2D3
034,EVT-034-7106CB7012
035,EVT-035-B5B08A1616
036,EVT-036-D5499B6ACB
037,EVT-037-4E270761D7
038,EVT-038-E3F14AC190
039,EVT-039-607BD91A1B
040,EVT-040-FA438EF155
041,EVT-041-68E7EBD207
042,EVT-042-581FD6EE3B
043,EVT-043-931E55124E
044,EVT-044-A287EE1F17
045,EVT-045-F679F78406
046,EVT-046-6DF0F73A92
047,EVT-047-ACF988A546
048,EVT-048-6A12414E6C
049,EVT-049-BAABA161C5
050,EVT-050-A18926326B
051,EVT-051-1EBA5A40D1
052,EVT-052-12DF4FB49C
053,EVT-053-6EB9157081
054,EVT-054-D0FB7FA733
055,EVT-055-4BAD443398
056,EVT-056-AE1DB69C63
057,EVT-057-FF32028073
058,EVT-058-7046F01FB3
059,EVT-059-9E0138258B
060,EVT-060-07BEF303B4
061,EVT-061-2DC9BF862D
062,EVT-062-94D695C598
063,EVT-063-11DDFE61E4
064,EVT-064-5FF5633463
065,EVT-065-770564E616
066,EVT-066-EEDFB995A3
067,EVT-067-D8FED32434
068,EVT-068-367B3E97CF
069,EVT-069-AB644B6787
070,EVT-070-43357F7E60
071,EVT-071-A6D6222DDE
072,EVT-072-BB5DA80F20
073,EVT-073-988FB02C7A
074,EVT-074-5EB77F03CC
075,EVT-075-28698DE92C
076,EVT-076-D7C6B37356
077,EVT-077-7EF46D8AF5
078,EVT-078-DE020AFA65
079,EVT-079-C54A882AE9
080,EVT-080-73FF0D1552
081,EVT-081-55B5F581E2
082,EVT-082-0216C054E3
083,EVT-083-042DD56F0B
084,EVT-084-F18987412C
085,EVT-085-B09AB2A521
086,EVT-086-91096A8780
087,EVT-087-167E2D23CE
088,EVT-088-0043DD8066
089,EVT-089-C71FC25A52
090,EVT-090-4A0755909D
091,EVT-091-756060A10D
092,EVT-092-12A1B7AC87
093,EVT-093-D5ADB949CF
094,EVT-094-449A5DDC63
095,EVT-095-F08F2E189F
096,EVT-096-6CD368FF22
097,EVT-097-B36C247686
098,EVT-098-F2BF18A00C
099,EVT-099-BC66B1F63B
100,EVT-100-F0BBEA1BA6
101,EVT-101-3E6744C793
102,EVT-102-075EBC3035
103,EVT-103-A0F311D862
104,EVT-104-3C52500D62
105,EVT-105-9DB71A2858
106,EVT-106-8552EA1035
107,EVT-107-BD9868DDF9
108,EVT-108-65FD3AAF9C
109,EVT-109-437A644D62
110,EVT-110-9B5F542D29
111,EVT-111-24F1DB076D
112,EVT-112-21228C5327
113,EVT-113-AF62E4103C
114,EVT-114-91F03614F0
115,EVT-115-7C2E0C9A9F
116,EVT-116-D750690210
117,EVT-117-B78E5BE1E2
118,EVT-118-629FBC9E05
119,EVT-119-95215CC41F
120,EVT-120-C7FC31433A
121,EVT-121-54EB340DEB
122,EVT-122-D97A09ACA5
123,EVT-123-4FDB36BAE5
124,EVT-124-0705AF4C10
125,EVT-125-414F63144D
126,EVT-126-BB266BDF8A
127,EVT-127-1246BB723D
128,EVT-128-CE648EB9F5
129,EVT-129-5F06F1A348
130,EVT-130-1752B9C834
131,EVT-131-A57EE856E7
132,EVT-132-16A99A06B3
133,EVT-133-E51F9B1646
134,EVT-134-54C392966B
135,EVT-135-E6E5F675BD
136,EVT-136-715C70191C
137,EVT-137-4FF651ABE6
138,EVT-138-88FD279D73
139,EVT-139-F3919F53AA
140,EVT-140-C74DC2CE26
141,EVT-141-34C9D7BBF8
142,EVT-142-0E2881F79B
143,EVT-143-D32A5D3EFC
144,EVT-144-63EFDE71A3
145,EVT-145-C851B38CA8
146,EVT-146-CC26E9D0AC
147,EVT-147-32F634A62C
148,EVT-148-4DAF76B0E0
149,EVT-149-1FBFC9A956
150,EVT-150-5A22787482
151,EVT-151-01A0C553F0
152,EVT-152-08C6BD3223
153,EVT-153-415803CE58
154,EVT-154-76C7958170
155,EVT-155-2843C75E43
156,EVT-156-6259A230E4
157,EVT-157-B1E662F7FA
158,EVT-158-7679AA8A14
159,EVT-159-11276D1C3F
160,EVT-160-3435255C4F
161,EVT-161-56D3FFC4DE
162,EVT-162-D651C22E79
163,EVT-163-BBE3E0C6C1
164,EVT-164-B63A0C2C22
165,EVT-165-153BE1E76A
166,EVT-166-FCC126FE78
167,EVT-167-8D1CCCC213
168,EVT-168-6944F043DC
169,EVT-169-66045D701F
170,EVT-170-34EFC86E52
171,EVT-171-342081981B
172,EVT-172-0D565E845C
173,EVT-173-DE6EFEB0CB
174,EVT-174-0BCC4108D3
175,EVT-175-EEC75B0669
176,EVT-176-9695E40B08
177,EVT-177-3F664792CA
178,EVT-178-12EA44B538
179,EVT-179-3E7E249728
180,EVT-180-8A266E4F3D
181,EVT-181-2C3869480D
182,EVT-182-B0D833BA19
183,EVT-183-60DF469B47
184,EVT-184-E8F9E120F8
185,EVT-185-584F41DEFB
186,EVT-186-CE3C4F20F2
187,EVT-187-D5C863BE50
188,EVT-188-39981F9CE0
189,EVT-189-666EE74711
190,EVT-190-9A1A5C3C09
191,EVT-191-7ECB29B11A
192,EVT-192-3FA9EE507B
193,EVT-193-DF16C067E7
194,EVT-194-1D47AD1BD3
195,EVT-195-59F37ED490
196,EVT-196-7CB75FBBCA
197,EVT-197-4EB7DF1656
198,EVT-198-A7109653DA
199,EVT-199-283C4702EB
200,EVT-200-2196A51DB8
